{
  "description": "",
  "root": "callFunctionOnMicClick",
  "actions": {
    "callFunctionOnMicClick": {
      "module": "vb/action/builtin/callModuleFunctionAction",
      "parameters": {
        "module": "[[ $functions ]]",
        "functionName": "on_mic_click"
      },
      "outcomes": {
        "success": "callChainInputSearchValueActionChain1"
      }
    },
    "callChainInputSearchValueActionChain1": {
      "module": "vb/action/builtin/callChainAction",
      "parameters": {
        "id": "InputSearchValueActionChain1"
      }
    }
  },
  "variables": {}
}