{
    "vbcs.dt.version": "20221205-23.04.3",
    "dependencies": {
        "upgrade": "micro",
        "paths": {
            "jet": "https://static.oracle.com/cdn/jet/13.1.7",
            "telemetry": "https://static.oracle.com/cdn/trace/7.2.1",
            "visualRuntime": "https://static.oracle.com/cdn/vb/2304.0.2"
        }
    },
    "source.version": "2304",
    "migration": {
        "2304": [
            "RemoveReadOnlyAttrDynamicFormMigrator",
            "RemoveMetadataPathAttrMigrator",
            "LayoutFieldRestDisplayPropertyMigrator",
            "ReferenceToNumberFieldTypeMigrator",
            "SetHistoryTypeMigrator"
        ]
    },
    "rootURL": "opensearchvisualbuilder",
    "version": "0.1"
}