{
    "took": 495,
    "timed_out": false,
    "_shards": {
        "total": 1,
        "successful": 1,
        "skipped": 0,
        "failed": 0
    },
    "hits": {
        "total": {
            "value": 9,
            "relation": "eq"
        },
        "max_score": 1.310822,
        "hits": [
            {
                "_index": "oic",
                "_type": "_doc",
                "_id": "abc.xml",
                "_score": 1.310822,
                "_source": {
                    "date": "2022-09-05T07:09:02.87Z",
                    "applicationName": "",
                    "modified": "2022-09-05T07:09:02.87Z",
                    "contentType": "text/plain; charset=windows-1252",
                    "parsedBy": "org.apache.tika.parser.DefaultParser",
                    "creationDate": "2022-09-05T07:09:02.87Z",
                    "author": "",
                    "classification": "",
                    "publisher": "",
                    "content": "<abc> test</abc>",
                    "path": "/n/opensearch/b/mg-input-bucket/o/abc.xml"
                }
            },
            {
                "_index": "oic",
                "_type": "_doc",
                "_id": "one and three.txt",
                "_score": 1.2932168,
                "_source": {
                    "date": "2022-09-05T07:09:05.751Z",
                    "applicationName": "",
                    "modified": "2022-09-05T07:09:05.751Z",
                    "contentType": "text/plain; charset=ISO-8859-1",
                    "parsedBy": "org.apache.tika.parser.DefaultParser",
                    "creationDate": "2022-09-05T07:09:05.751Z",
                    "author": "",
                    "publisher": "",
                    "content": "This is a test",
                    "path": "/n/opensearch/b/mg-input-bucket/o/one and three.txt"
                }
            },
            {
                "_index": "oic",
                "_type": "_doc",
                "_id": "word_97.doc",
                "_score": 1.2932168,
                "_source": {
                    "date": "2022-09-05T07:09:19.847Z",
                    "applicationName": "",
                    "modified": "2022-09-05T07:09:19.847Z",
                    "contentType": "application/msword",
                    "parsedBy": "org.apache.tika.parser.DefaultParser",
                    "creationDate": "2022-09-05T07:09:19.847Z",
                    "author": "MARC GUEURY",
                    "publisher": "",
                    "content": "This is a TEST",
                    "path": "/n/opensearch/b/mg-input-bucket/o/word_97.doc"
                }
            },
            {
                "_index": "oic",
                "_type": "_doc",
                "_id": "adobe_test.pdf",
                "_score": 1.2932168,
                "_source": {
                    "date": "2022-09-05T07:09:30.657Z",
                    "applicationName": "",
                    "modified": "2022-09-05T07:09:30.657Z",
                    "contentType": "application/pdf",
                    "parsedBy": "org.apache.tika.parser.DefaultParser",
                    "creationDate": "2022-09-05T07:09:30.657Z",
                    "author": "MARC GUEURY",
                    "publisher": "",
                    "content": "This is a TEST",
                    "path": "/n/opensearch/b/mg-input-bucket/o/adobe_test.pdf"
                }
            },
            {
                "_index": "oic",
                "_type": "_doc",
                "_id": "test2.json",
                "_score": 1.2593881,
                "_source": {
                    "date": "2013-04-08T11:37:06Z",
                    "Application-Name": "Microsoft Excel",
                    "modified": "2013-04-08T11:37:06Z",
                    "Content-Type": "application/vnd.openxmlformats-officedocument.spreadsheetml.sheet",
                    "X-Parsed-By": "org.apache.tika.parser.DefaultParser",
                    "Creation-Date": "2013-04-08T11:35:59Z",
                    "Author": "mgueury",
                    "publisher": "Oracle Corporation",
                    "content": "Sheet1\tTest XLSX file\t1\t1Sheet2Sheet3",
                    "other1": "...",
                    "other2": "...",
                    "other3": "...",
                    "path": "...."
                }
            },
            {
                "_index": "oic",
                "_type": "_doc",
                "_id": "test.json",
                "_score": 1.2593881,
                "_source": {
                    "date": "2013-04-08T11:37:06Z",
                    "Application-Name": "Microsoft Excel",
                    "modified": "2013-04-08T11:37:06Z",
                    "Content-Type": "application/vnd.openxmlformats-officedocument.spreadsheetml.sheet",
                    "X-Parsed-By": "org.apache.tika.parser.DefaultParser",
                    "Creation-Date": "2013-04-08T11:35:59Z",
                    "Author": "mgueury",
                    "publisher": "Oracle Corporation",
                    "content": "Sheet1\tTest XLSX file\t1\t1Sheet2Sheet3",
                    "other1": "...",
                    "other2": "...",
                    "other3": "...",
                    "path": "...."
                }
            },
            {
                "_index": "oic",
                "_type": "_doc",
                "_id": "excell_2007.xlsx",
                "_score": 1.2593881,
                "_source": {
                    "date": "2022-09-05T07:09:02.018Z",
                    "applicationName": "Microsoft Excel",
                    "modified": "2022-09-05T07:09:02.018Z",
                    "contentType": "application/vnd.openxmlformats-officedocument.spreadsheetml.sheet",
                    "parsedBy": "org.apache.tika.parser.DefaultParser",
                    "creationDate": "2022-09-05T07:09:02.018Z",
                    "author": "mgueury",
                    "publisher": "Oracle Corporation",
                    "content": "Sheet1\tTest XLSX file\t1\t1Sheet2Sheet3",
                    "path": "/n/opensearch/b/mg-input-bucket/o/excell_2007.xlsx"
                }
            },
            {
                "_index": "oic",
                "_type": "_doc",
                "_id": "excell_97.xls",
                "_score": 1.2431289,
                "_source": {
                    "date": "2022-09-05T07:09:10.774Z",
                    "applicationName": "Microsoft Excel",
                    "modified": "2022-09-05T07:09:10.774Z",
                    "contentType": "application/vnd.ms-excel",
                    "parsedBy": "org.apache.tika.parser.DefaultParser",
                    "creationDate": "2022-09-05T07:09:10.774Z",
                    "author": "mgueury",
                    "publisher": "",
                    "content": "Sheet1\tTest XLS file\t1\t1Sheet2\tSheet3\t",
                    "path": "/n/opensearch/b/mg-input-bucket/o/excell_97.xls"
                }
            },
            {
                "_index": "oic",
                "_type": "_doc",
                "_id": "one and two.txt",
                "_score": 1.2431289,
                "_source": {
                    "date": "2022-09-05T07:09:40.507Z",
                    "applicationName": "",
                    "modified": "2022-09-05T07:09:40.507Z",
                    "contentType": "text/plain; charset=ISO-8859-1",
                    "parsedBy": "org.apache.tika.parser.DefaultParser",
                    "creationDate": "2022-09-05T07:09:40.507Z",
                    "author": "",
                    "publisher": "",
                    "content": "This is a test (1 and 2)",
                    "path": "/n/opensearch/b/mg-input-bucket/o/one and two.txt"
                }
            }
        ]
    }
}